frame_id,t_s,capture_wait_ms,age_ms,face_ms,infer_ms,pre_ms,h2d_ms,exec_ms,d2h_ms,decode_ms,track_ms,state_ms,encode_ms,total_ms,e2e_ms,face_found,pose_valid,lock_ok,state,head_forward,torso_forward,jitter_raw_px,jitter_smooth_px,mean_score
0,6.0447,470.0351,18.6913,184.4758,1553.3994,7.1422,0.5481,1542.5061,2.5066,0.6292,0.5616,0.0645,5.3535,1743.8548,1762.5460,False,True,True,GOOD,-0.0000,-0.2638,,,0.3573
1,7.7948,5.5421,12.2961,206.7206,76.7036,6.1178,0.5792,67.8803,1.3408,0.7253,0.6218,0.0615,5.8542,289.9617,302.2578,False,True,True,GOOD,-0.0000,-0.2466,2.5714,2.4963,0.3702
2,8.0871,2.1668,41.0406,204.7465,68.0438,6.0311,0.4623,59.8676,0.8972,0.7311,0.5095,0.0570,5.7250,279.0819,320.1225,False,True,True,GOOD,-0.0000,-0.2463,2.2857,2.2702,0.3674
3,8.3687,2.2521,22.3700,206.9870,68.4530,6.2822,0.5139,59.8864,0.9272,0.7859,0.6622,0.0693,5.8883,282.0598,304.4298,False,True,True,GOOD,-0.0000,-0.2462,0.0000,0.0804,0.3739
4,8.6533,2.3725,40.6640,196.0182,68.3610,5.7759,0.4675,60.5118,0.9407,0.6074,0.5611,0.0564,5.0497,270.0463,310.7103,False,True,True,GOOD,-0.0000,-0.2462,1.2857,1.2235,0.3689
5,8.9260,2.4622,12.9883,204.2010,69.1293,5.8597,0.4617,61.4148,0.7999,0.5366,0.6665,0.0497,5.4380,279.4845,292.4728,False,True,True,GOOD,-0.0000,-0.2462,3.5714,3.3174,0.3700
6,9.2086,2.8019,29.1540,210.3982,68.3676,5.8018,0.5354,60.6184,0.7960,0.5616,0.5924,0.0488,5.2082,284.6151,313.7691,False,True,True,GOOD,-0.0000,-0.2462,2.2857,2.1841,0.3701
7,9.4957,2.2713,16.3830,208.6574,68.9873,6.2976,0.5332,60.4544,0.8914,0.7509,0.6356,0.0637,6.3253,284.6694,301.0524,False,True,True,GOOD,-0.0000,-0.2462,0.0000,0.1121,0.3674
8,9.7830,2.4406,36.5527,199.4126,68.0656,5.8435,0.4682,60.2646,0.8387,0.5913,0.6751,0.0568,6.1774,274.3875,310.9402,False,True,True,GOOD,-0.0000,-0.2462,0.0000,0.0111,0.3692
9,10.0607,3.0408,13.7071,206.9997,68.0287,6.0282,0.5075,60.1959,0.7025,0.5383,0.7886,0.0609,5.4018,281.2798,294.9868,False,True,True,GOOD,-0.0000,-0.2462,1.2857,1.2145,0.3644
10,10.3449,2.6635,32.0136,198.0046,68.2248,6.1680,0.5096,60.0079,0.7953,0.6841,0.8063,0.0816,6.5011,273.6184,305.6319,False,True,True,GOOD,-0.0000,-0.2462,1.2857,1.1121,0.3655
11,10.6210,2.2910,8.6006,193.5921,70.1372,7.9140,0.4456,60.2012,0.9178,0.6008,0.5880,0.0576,5.1763,269.5511,278.1517,False,True,True,GOOD,-0.0000,-0.2462,0.0000,0.0880,0.3647
12,10.8932,2.5193,13.3994,207.0240,69.9075,6.0775,0.5275,62.0079,0.6685,0.5709,0.5825,0.0546,5.4958,283.0644,296.4638,False,True,True,GOOD,-0.0000,-0.2462,1.2857,1.1931,0.3603
13,11.1791,2.6038,33.1261,192.0786,68.0745,6.0891,0.5318,60.0366,0.7011,0.6554,0.7311,0.0659,5.7826,266.7327,299.8588,False,True,True,GOOD,-0.0000,-0.2462,1.2857,1.1095,0.3695
14,11.4487,2.6438,35.8312,190.5146,68.8215,6.1609,0.6141,60.2397,1.0032,0.7441,0.6143,0.0600,5.8557,265.8661,301.6973,False,True,True,GOOD,-0.0000,-0.2462,2.2857,2.2932,0.3634
15,11.7174,2.5825,38.0329,202.0608,68.0407,5.9045,0.5494,60.2553,0.7202,0.5573,0.5991,0.0503,5.0933,275.8442,313.8771,False,True,True,GOOD,-0.0000,-0.2462,0.0000,0.0817,0.3631
16,11.9956,2.2388,16.6914,205.4831,67.9080,5.9673,0.5485,60.0165,0.7671,0.5549,0.5450,0.0558,5.0813,279.0732,295.7646,False,True,True,GOOD,-0.0000,-0.2462,0.0000,0.0070,0.3612
17,12.2774,2.5157,31.8272,209.4153,68.2733,5.9141,0.5073,60.5156,0.7293,0.5522,0.5413,0.0573,5.9236,284.2108,316.0380,False,True,True,GOOD,-0.0000,-0.2462,2.2857,2.2060,0.3640
18,12.5641,2.2719,18.5630,200.2504,67.6452,5.8039,0.4626,59.9423,0.7193,0.6642,0.5087,0.0574,5.4080,273.8697,292.4327,False,True,True,GOOD,-0.0000,-0.2462,0.0000,0.0736,0.3586
19,12.8410,2.7810,28.8551,197.2407,67.9925,5.9998,0.4825,60.0571,0.8426,0.5530,0.5898,0.0604,5.6472,271.5305,300.3856,False,True,True,GOOD,-0.0000,-0.2462,0.0000,0.0052,0.3621
20,13.1152,2.4870,35.8843,200.8128,68.2988,5.8412,0.4637,60.3785,0.8905,0.6658,0.5813,0.0581,5.2102,274.9612,310.8455,False,True,True,GOOD,-0.0000,-0.2462,2.2857,2.2050,0.3571
21,13.3935,3.1350,13.5533,207.6507,67.9672,5.8504,0.5652,60.0998,0.8489,0.5481,0.5916,0.0574,5.5131,281.7799,295.3332,False,True,True,GOOD,-0.0000,-0.2462,2.2857,2.0936,0.3542
22,13.6790,3.5375,32.9147,195.0935,68.3722,6.1501,0.5126,60.2173,0.8365,0.5988,0.5822,0.0605,6.1976,270.3060,303.2207,False,True,True,GOOD,-0.0000,-0.2462,3.5714,3.2941,0.3626
23,13.9527,3.1032,40.8519,202.2623,67.9509,5.8289,0.4580,60.1537,0.8269,0.6254,0.6040,0.0613,7.6765,278.5551,319.4069,False,True,True,GOOD,-0.0000,-0.2462,0.0000,0.1485,0.3594
24,14.2360,4.6079,21.9933,196.4901,68.4820,6.1394,0.5372,60.2897,0.8536,0.6134,0.5886,0.0722,5.4128,271.0457,293.0390,False,True,True,GOOD,-0.0000,-0.2462,1.2857,1.2046,0.3606
25,14.5102,2.8912,31.3782,193.6167,70.2207,5.9992,0.5211,62.1589,0.9123,0.5695,0.6101,0.0624,5.9859,270.4958,301.8740,False,True,True,GOOD,-0.0000,-0.2462,1.2857,1.1094,0.3598
26,14.7843,3.4180,37.9200,202.0489,71.4008,7.5869,0.4597,60.3818,2.0863,0.8290,0.6246,0.0621,5.8995,280.0360,317.9559,False,True,True,GOOD,-0.0000,-0.2462,1.2857,1.1000,0.3674
27,15.0671,2.5914,22.4972,204.0681,68.4329,5.9683,0.5043,60.2898,0.8905,0.7180,0.8133,0.0682,6.1534,279.5358,302.0330,False,True,True,GOOD,-0.0000,-0.2462,0.0000,0.0778,0.3646
28,15.3501,3.2147,37.4201,206.8645,68.2881,6.1646,0.4567,60.0988,0.9397,0.5822,0.5603,0.0586,5.7652,281.5367,318.9569,False,True,True,GOOD,-0.0000,-0.2462,0.0000,0.0090,0.3632
29,15.6345,2.7057,22.5196,199.4420,70.5883,6.3958,0.4998,61.7754,1.2001,0.6603,0.6854,0.0659,7.1481,277.9297,300.4493,False,True,True,GOOD,-0.0000,-0.2462,0.0000,0.0017,0.3680
30,15.9159,3.2156,36.5531,201.1241,68.3507,5.7920,0.7846,60.4089,0.7535,0.5580,0.5322,0.0576,5.2587,275.3233,311.8763,False,True,True,GOOD,-0.0000,-0.2462,0.0000,0.0005,0.3673
31,16.1948,2.3623,16.1855,209.2396,68.2233,6.0433,0.5152,59.9354,0.8123,0.8477,0.7199,0.0704,6.2524,284.5056,300.6912,False,True,True,GOOD,-0.0000,-0.2462,1.2857,1.2144,0.3705
32,16.4827,3.1995,37.1012,191.9587,68.1512,6.1431,0.5165,60.1125,0.7475,0.5774,0.5314,0.0691,6.1558,266.8661,303.9673,False,True,True,GOOD,-0.0000,-0.2462,0.0000,0.0635,0.3659
33,16.7526,2.8129,41.5690,193.8145,68.0140,5.9056,0.4616,60.1369,0.8784,0.5716,0.5899,0.0614,5.6960,268.1759,309.7449,False,True,True,GOOD,-0.0000,-0.2462,0.0000,0.0061,0.3696
34,17.0235,2.5638,11.7896,191.3966,68.1176,5.9169,0.4569,60.2244,0.8549,0.6046,0.5886,0.0640,5.2706,265.4375,277.2271,False,True,True,GOOD,-0.0000,-0.2462,1.2857,1.2090,0.3636
35,17.2921,2.8685,13.1721,200.6026,68.6020,5.7278,0.4636,60.7237,1.1126,0.5153,0.5823,0.0603,7.1832,277.0304,290.2025,False,True,True,GOOD,-0.0000,-0.2462,0.0000,0.0667,0.3625
36,17.5720,2.7584,27.2576,198.4228,67.9688,6.1115,0.5143,59.8975,0.7786,0.6077,0.6812,0.0730,6.4845,273.6303,300.8879,False,True,True,GOOD,-0.0000,-0.2462,3.5714,3.4064,0.3710
37,17.8496,3.6910,36.4726,212.5354,67.8463,5.8503,0.4639,60.1628,0.7223,0.5889,0.6592,0.0646,5.8061,286.9117,323.3842,False,True,True,GOOD,-0.0000,-0.2462,3.5714,3.2037,0.3638
38,18.1395,2.8632,28.5374,202.4195,70.8864,6.3262,0.5120,62.1897,0.9954,0.7969,0.6983,0.0704,6.0908,280.1654,308.7029,False,True,True,GOOD,-0.0000,-0.2462,1.2857,1.2058,0.3709
39,18.4226,2.6118,10.7080,196.2525,68.2461,5.9170,0.4790,60.5278,0.7100,0.5575,0.5342,0.0558,5.7828,270.8715,281.5795,False,True,True,GOOD,-0.0000,-0.2462,1.2857,1.1186,0.3661
40,18.6964,2.7196,18.0508,216.7486,68.6686,6.2644,0.5198,60.2076,0.9154,0.7005,0.6652,0.0668,5.8534,292.0027,310.0534,False,True,True,GOOD,-0.0000,-0.2462,1.2857,1.1072,0.3649
41,18.9916,3.0488,13.0502,205.0510,67.6518,5.7543,0.4643,60.0214,0.7644,0.5917,0.5287,0.0538,5.1389,278.4242,291.4744,False,True,True,GOOD,-0.0000,-0.2462,0.0000,0.0796,0.3658
42,19.2732,2.9525,28.7866,206.1249,68.7821,6.0552,0.4602,60.5693,0.8407,0.7964,0.5497,0.0615,5.7471,281.2653,310.0519,False,True,True,GOOD,-0.0000,-0.2462,0.0000,0.0091,0.3749
43,19.5576,2.9088,12.4516,200.9432,67.9502,5.8030,0.4598,60.2484,0.8193,0.5644,0.5360,0.0561,5.3379,274.8234,287.2750,False,True,True,GOOD,-0.0000,-0.2462,3.5714,3.4208,0.3572
44,19.8352,2.5773,23.7012,201.1911,68.0959,6.0570,0.5158,60.0169,0.7373,0.7090,0.6437,0.0697,5.6450,275.6455,299.3467,False,True,True,GOOD,-0.0000,-0.2462,2.2857,2.1613,0.3664
45,20.1144,3.3215,35.7232,201.9282,68.3861,5.7415,0.4612,60.5337,0.8287,0.7595,0.7283,0.0670,5.5146,276.6241,312.3474,False,True,True,GOOD,-0.0000,-0.2462,2.2857,2.0830,0.3641
46,20.3943,3.1328,16.2115,192.8521,67.7904,5.8375,0.4583,60.1568,0.7129,0.5722,0.5478,0.0573,5.4320,266.6796,282.8910,False,True,True,GOOD,-0.0000,-0.2462,2.2857,2.0910,0.3617
47,20.6639,2.6750,19.9424,210.3168,68.2472,6.1172,0.5132,60.1427,0.8445,0.5706,0.5619,0.0656,5.7037,284.8953,304.8377,False,True,True,GOOD,-0.0000,-0.2462,0.0000,0.0913,0.3583
48,20.9518,2.8169,39.9707,203.3793,75.2956,6.0526,0.4647,62.8059,1.1260,4.7912,0.5445,0.0512,6.2328,285.5033,325.4740,False,True,True,GOOD,-0.0000,-0.2462,2.2857,2.1933,0.3616
49,21.2406,3.0395,30.0742,201.1000,68.3410,5.9774,0.5571,60.1831,0.9002,0.6591,0.7287,0.0791,6.2746,276.5232,306.5975,False,True,True,GOOD,-0.0000,-0.2462,2.2857,2.0969,0.3690
50,21.5200,2.7147,9.3649,200.3486,71.3391,9.2606,0.4762,60.0285,0.9813,0.5356,0.6695,0.0611,6.0525,278.4707,287.8356,False,True,True,GOOD,-0.0000,-0.2462,2.2857,2.0835,0.3699
51,21.8018,3.0904,24.3410,202.8008,68.3988,6.3609,0.5105,59.8497,0.9635,0.6588,0.5378,0.0678,6.3513,278.1565,302.4975,False,True,True,GOOD,-0.0000,-0.2462,3.5714,3.3047,0.3670
52,22.0831,2.9759,39.0642,199.9735,68.1241,5.8704,0.4631,60.4699,0.7238,0.5437,0.6274,0.0527,5.1631,273.9408,313.0050,False,True,True,GOOD,-0.0000,-0.2462,1.2857,1.2031,0.3685
53,22.3596,2.3518,15.4323,213.4419,68.2675,6.0607,0.5127,60.1733,0.8825,0.5808,0.5985,0.0641,6.1806,288.5526,303.9849,False,True,True,GOOD,-0.0000,-0.2462,0.0000,0.0962,0.3640
54,22.6511,2.6626,40.5409,207.6565,67.6692,5.8359,0.4622,59.9642,0.8285,0.5241,0.5718,0.0573,5.6798,281.6346,322.1755,False,True,True,GOOD,-0.0000,-0.2462,1.2857,1.1964,0.3700
55,22.9355,2.6300,25.1946,188.7315,69.7674,5.8645,0.4682,61.9592,0.8018,0.6172,0.5944,0.0603,5.2778,264.4315,289.6261,False,True,True,GOOD,-0.0000,-0.2462,1.2857,1.1134,0.3605
56,23.2027,2.6056,25.9541,194.7856,69.5066,7.5029,0.6026,60.0111,0.7134,0.6203,0.6305,0.0627,5.4041,270.3895,296.3435,False,True,True,GOOD,-0.0000,-0.2462,3.5714,3.3082,0.3659
57,23.4759,2.6203,32.2118,204.2630,68.2048,5.7981,0.4654,60.4394,0.9131,0.5298,0.5743,0.0634,5.6725,278.7782,310.9899,False,True,True,GOOD,-0.0000,-0.2462,0.0000,0.1497,0.3685
58,23.7578,2.9076,13.3810,208.0618,67.9694,6.0034,0.4940,60.0221,0.7417,0.6533,0.6264,0.0631,5.8338,282.5546,295.9356,False,True,True,GOOD,-0.0000,-0.2462,1.2857,1.2006,0.3655
59,24.0433,2.7395,32.6491,193.7239,68.5169,6.0237,0.4996,60.3608,0.9041,0.6715,0.5630,0.0607,6.2923,269.1568,301.8059,False,True,True,GOOD,-0.0000,-0.2462,0.0000,0.0700,0.3663
60,24.3160,3.3514,38.5365,204.6107,68.0513,5.8322,0.4570,60.3668,0.7890,0.5491,0.6589,0.0689,5.6892,279.0790,317.6154,False,True,True,GOOD,-0.0000,-0.2462,0.0000,0.0074,0.3582
61,24.5984,2.2408,22.1916,207.4483,68.1081,6.0341,0.5132,60.0079,0.8945,0.5987,0.6269,0.0656,6.7397,282.9887,305.1803,False,True,True,GOOD,-0.0000,-0.2462,2.2857,2.2111,0.3569
62,24.8843,2.6849,41.2792,204.8516,68.3197,5.8347,0.4685,60.3123,0.9926,0.6517,0.6581,0.1364,5.7149,279.6808,320.9599,False,True,True,GOOD,-0.0000,-0.2462,0.0000,0.0706,0.3628
63,25.1672,3.0759,23.5234,201.7997,68.0102,5.9879,0.5225,60.0816,0.7899,0.5702,0.6603,0.0690,5.4413,275.9806,299.5039,False,True,True,GOOD,-0.0000,-0.2462,1.2857,1.2196,0.3662
64,25.4466,3.1924,35.2685,192.1109,68.2912,6.3856,0.5089,59.9136,0.7900,0.6352,0.6040,0.0630,5.9117,266.9809,302.2494,False,True,True,GOOD,-0.0000,-0.2462,1.2857,1.1129,0.3573
65,25.7168,2.9697,40.2063,216.0158,69.8321,5.9577,0.4759,62.0208,0.7141,0.6160,0.5455,0.0630,5.9664,292.4228,332.6292,False,True,True,GOOD,-0.0000,-0.2462,0.0000,0.0885,0.3681
66,26.0123,2.8960,35.6682,189.3672,68.1088,6.1392,0.5250,60.0689,0.7298,0.5926,0.6682,0.0730,6.1276,264.3448,300.0130,False,True,True,GOOD,-0.0000,-0.2462,0.0000,0.0114,0.3695
67,26.2797,2.8297,36.3796,205.9013,68.5864,6.2723,0.4625,60.4278,0.7263,0.6376,0.6072,0.0592,6.5740,281.7281,318.1077,False,True,True,GOOD,-0.0000,-0.2462,0.0000,0.0021,0.3652
68,26.5650,3.3316,22.1662,199.9930,69.7915,6.3374,0.7206,61.3668,0.7730,0.5384,0.5898,0.0600,6.0590,276.4934,298.6596,False,True,True,GOOD,-0.0000,-0.2462,1.2857,1.2138,0.3773
69,26.8451,3.4281,33.3114,201.3788,68.2632,5.8373,0.4732,60.3377,0.8548,0.6973,0.6795,0.1384,5.1401,275.5999,308.9113,False,True,True,GOOD,-0.0000,-0.2462,1.2857,1.1128,0.3674
70,27.1235,2.5425,12.9346,208.8144,68.2247,5.9741,0.4823,60.1981,0.7499,0.7621,0.6911,0.0701,7.7351,285.5354,298.4700,False,True,True,GOOD,-0.0000,-0.2462,3.5714,3.3069,0.3672
71,27.4124,3.1397,35.4703,192.0748,68.5973,6.2339,0.5168,60.0177,1.0498,0.7199,0.5735,0.0700,5.6419,266.9575,302.4278,False,True,True,GOOD,-0.0000,-0.2462,3.5714,3.2062,0.3596
72,27.6826,3.0675,39.5017,207.6793,68.0952,5.9524,0.4669,60.1783,0.9315,0.5122,0.5376,0.0552,5.2172,281.5845,321.0863,False,True,True,GOOD,-0.0000,-0.2462,0.0000,0.1790,0.3626
73,27.9671,2.7590,23.6581,195.6521,68.1178,5.8829,0.6025,60.2096,0.8333,0.5334,0.5831,0.0592,6.2699,270.6822,294.3403,False,True,True,GOOD,-0.0000,-0.2462,0.0000,0.0189,0.3614
74,28.2410,2.9769,31.4444,203.4979,68.2345,5.9042,0.4604,60.1853,1.0137,0.6092,0.6725,0.0703,6.1405,278.6157,310.0600,False,True,True,GOOD,-0.0000,-0.2462,0.0000,0.0033,0.3686
75,28.5227,2.8308,12.2427,196.8637,69.3415,7.1244,0.4554,60.3289,0.7622,0.6118,0.5849,0.0607,5.7148,272.5656,284.8083,False,True,True,GOOD,-0.0000,-0.2462,0.0000,0.0009,0.3537
76,28.7982,2.7227,22.4147,191.8763,70.5046,6.0088,0.4662,60.0681,1.2264,2.6814,0.4673,0.0501,5.2955,268.1937,290.6084,False,True,True,GOOD,-0.0000,-0.2462,1.2857,1.2141,0.3652
77,29.0693,2.7016,26.7810,196.5162,68.8225,6.5920,0.4818,60.3195,0.7977,0.5761,0.5614,0.0589,6.0908,272.0497,298.8308,False,True,True,GOOD,-0.0000,-0.2462,0.0000,0.0636,0.3667
78,29.3449,3.3489,33.9474,191.5254,71.2976,6.8759,0.8665,61.9153,0.9232,0.6511,0.7415,0.0751,6.1244,269.7640,303.7114,False,True,True,GOOD,-0.0000,-0.2462,3.5714,3.4056,0.3722
79,29.6178,2.9369,8.4938,203.2414,67.6831,5.7780,0.4636,60.0398,0.7386,0.6024,0.5857,0.0621,6.1469,277.7193,286.2131,False,True,True,GOOD,-0.0000,-0.2462,1.2857,1.1769,0.3669
80,29.8984,2.7111,22.3615,205.9366,68.2630,6.0204,0.5126,60.0526,0.9271,0.6910,0.6487,0.0678,6.0644,280.9805,303.3420,False,True,True,GOOD,-0.0000,-0.2462,3.5714,3.2929,0.3683
81,30.1827,3.0532,40.0219,196.4370,70.4345,5.8385,0.4548,62.7260,0.7342,0.6192,0.6232,0.0643,5.2138,272.7729,312.7948,False,True,True,GOOD,-0.0000,-0.2462,0.0000,0.1570,0.3730
82,30.4584,2.7506,15.3872,192.5799,68.2629,5.9139,0.4872,60.5397,0.7479,0.5206,0.6128,0.0564,6.2732,267.7853,283.1725,False,True,True,GOOD,-0.0000,-0.2462,2.2857,2.2018,0.3680
83,30.7311,4.7609,20.1814,206.5122,68.4537,6.1412,0.5076,60.0088,0.9527,0.7794,0.7510,0.0721,6.2068,281.9958,302.1772,False,True,True,GOOD,-0.0000,-0.2462,3.5714,3.3002,0.3667
84,31.0165,3.1434,40.5860,199.8787,68.4265,6.0404,0.5079,60.4421,0.8175,0.5646,0.5434,0.0546,5.4301,274.3334,314.9194,False,True,True,GOOD,-0.0000,-0.2462,3.5714,3.1909,0.3673
85,31.2937,2.6559,18.0811,207.1562,68.7025,6.3698,0.5388,60.2732,0.7939,0.6703,0.6314,0.0697,5.9091,282.4689,300.5499,False,True,True,GOOD,-0.0000,-0.2462,1.2857,1.1856,0.3707
86,31.5794,3.0254,36.5903,201.6723,68.1010,5.7788,0.4656,60.3353,0.9492,0.5178,0.5301,0.0572,5.2496,275.6103,312.2006,False,True,True,GOOD,-0.0000,-0.2462,3.5714,3.3024,0.3639
87,31.8577,2.4386,15.4865,213.9630,68.3698,6.1590,0.5185,59.9485,0.8986,0.7792,0.6767,0.0732,5.9806,289.0633,304.5498,False,True,True,GOOD,-0.0000,-0.2462,0.0000,0.1549,0.3580
88,32.1497,2.8021,41.0003,198.5598,68.3241,5.7473,0.4648,60.6116,0.8750,0.5677,0.6253,0.0635,5.2749,272.8477,313.8480,False,True,True,GOOD,-0.0000,-0.2462,1.2857,1.2027,0.3725
89,32.4257,2.8403,15.8258,209.9945,68.5899,6.1222,0.6171,59.9601,1.0043,0.8242,0.6537,0.0655,6.4334,285.7370,301.5628,False,True,True,GOOD,-0.0000,-0.2462,1.2857,1.1125,0.3664
90,32.7147,3.1167,38.9327,213.9930,69.4141,7.1981,0.5364,60.2637,0.7610,0.5979,0.6617,0.0649,5.5568,289.6906,328.6233,False,True,True,GOOD,-0.0000,-0.2462,3.5714,3.3110,0.3688
91,33.0075,2.7869,32.2535,202.2876,68.1912,5.9019,0.5048,60.2056,0.8977,0.6213,0.6024,0.0628,5.2759,276.4198,308.6733,False,True,True,GOOD,-0.0000,-0.2462,3.5714,3.2104,0.3712
92,33.2870,2.8864,11.2430,207.2189,68.0277,5.8980,0.4654,60.2132,0.8370,0.5581,0.6249,0.0626,5.3451,281.2792,292.5221,False,True,True,GOOD,-0.0000,-0.2462,3.5714,3.1891,0.3675
93,33.5716,3.0812,28.5129,199.2371,68.2544,6.0579,0.5151,59.9903,0.9406,0.6881,0.6484,0.1562,6.0448,274.3409,302.8538,False,True,True,GOOD,-0.0000,-0.2462,3.5714,3.1976,0.3596
94,33.8492,3.0752,39.3852,209.4892,67.8763,6.0013,0.4610,60.1107,0.7025,0.5562,0.5325,0.0555,5.3344,283.2878,322.6730,False,True,True,GOOD,-0.0000,-0.2462,0.0000,0.1684,0.3615
95,34.1359,3.1782,26.8916,198.1786,72.1850,6.1521,0.5331,60.2019,1.1032,4.1321,0.5743,0.0557,5.9790,276.9726,303.8642,False,True,True,GOOD,-0.0000,-0.2462,0.0000,0.0170,0.3581
96,34.4159,2.8434,40.1888,195.2640,68.3940,5.9419,0.4634,60.4241,0.8907,0.6142,0.6302,0.0589,5.1247,269.4717,309.6606,False,True,True,GOOD,-0.0000,-0.2462,0.0000,0.0030,0.3551
97,34.6884,2.8894,12.3243,203.4976,67.6523,5.8135,0.5023,60.0275,0.7135,0.5393,0.6093,0.0541,5.1128,276.9260,289.2503,False,True,True,GOOD,-0.0000,-0.2462,0.0000,0.0008,0.3667
98,34.9683,2.6986,26.4388,189.7854,69.9390,5.8790,0.4716,62.0392,0.8781,0.6191,0.4944,0.0509,6.7314,267.0013,293.4401,False,True,True,GOOD,-0.0000,-0.2462,0.0000,0.0002,0.3555
99,35.2392,3.6567,30.1623,193.9371,70.7308,7.5323,0.6098,60.1844,1.1026,0.7312,0.7222,0.0698,6.0498,271.5097,301.6720,False,True,True,GOOD,-0.0000,-0.2462,0.0000,0.0001,0.3567
100,35.5141,3.1693,38.4480,198.3803,68.3994,5.7562,0.4681,60.6258,0.9352,0.5599,0.5363,0.0568,5.1713,272.5442,310.9922,False,True,True,GOOD,-0.0000,-0.2462,0.0000,0.0000,0.3574
101,35.7899,3.0230,14.3411,207.8256,68.5522,6.5368,0.5591,60.0995,0.7751,0.5255,0.5859,0.0586,5.4138,282.4362,296.7773,False,True,True,GOOD,-0.0000,-0.2462,1.2857,1.2146,0.3703
102,36.0752,2.6744,33.4851,198.5715,68.6752,6.0767,0.4631,60.2378,0.9987,0.8357,0.7229,0.0735,6.3364,274.3796,307.8647,False,True,True,GOOD,-0.0000,-0.2462,0.0000,0.0635,0.3680
103,36.3524,2.6114,10.9554,202.7740,68.4567,6.5670,0.4640,59.9959,0.8261,0.5464,0.6047,0.0571,5.4534,277.3460,288.3014,False,True,True,GOOD,-0.0000,-0.2462,0.0000,0.0061,0.3678
104,36.6323,2.4290,24.6385,199.9513,67.7682,5.8990,0.4789,59.9370,0.7751,0.6238,0.5587,0.0579,8.8007,277.1368,301.7754,False,True,True,GOOD,-0.0000,-0.2462,0.0000,0.0011,0.3695
105,36.9129,3.1568,37.1608,206.5381,67.9193,5.8858,0.4568,60.2455,0.6936,0.5799,0.5846,0.0601,5.6919,280.7939,317.9547,False,True,True,GOOD,-0.0000,-0.2462,0.0000,0.0003,0.3750
106,37.1968,2.9780,22.0737,204.1650,70.0018,7.7507,0.5981,60.0433,0.9135,0.6362,0.6131,0.0609,6.0002,280.8410,302.9147,False,True,True,GOOD,-0.0000,-0.2462,3.5714,3.4254,0.3626
107,37.4812,3.2822,39.0101,196.1293,68.2209,5.9650,0.5103,60.2855,0.8469,0.5545,0.5817,0.0623,5.1139,270.1082,309.1183,False,True,True,GOOD,-0.0000,-0.2462,0.0000,0.1326,0.3666
108,37.7543,2.8168,12.4631,199.2257,70.0132,5.8423,0.5273,62.1145,0.8591,0.6143,0.6530,0.0586,5.6306,275.5811,288.0442,False,True,True,GOOD,-0.0000,-0.2462,2.2857,2.1988,0.3635
109,38.0325,2.4609,24.8294,193.9213,68.8770,7.0770,0.4703,60.0419,0.6838,0.5555,0.6003,0.0564,5.3115,268.7664,293.5958,False,True,True,GOOD,-0.0000,-0.2462,2.2857,2.0918,0.3616
110,38.3069,5.3592,29.7168,192.9434,68.3695,6.0316,0.5212,60.3084,0.8247,0.6246,0.6468,0.0668,5.9107,267.9373,297.6541,False,True,True,GOOD,-0.0000,-0.2462,2.2857,2.0809,0.3679
111,38.5781,3.0578,36.3923,194.7148,70.2877,6.0776,0.4626,61.8673,1.1108,0.7048,0.7848,0.0637,5.6720,271.5231,307.9154,False,True,True,GOOD,-0.0000,-0.2462,2.2857,2.0865,0.3699
112,38.8524,2.5918,11.1290,201.9829,69.3212,7.2157,0.4627,60.2928,0.7203,0.5727,0.6147,0.0558,5.1927,277.1674,288.2964,False,True,True,GOOD,-0.0000,-0.2462,2.2857,2.0839,0.3688
113,39.1326,2.7685,25.1119,212.2490,68.5497,5.7074,0.4616,60.6809,1.0417,0.5991,0.5822,0.0611,5.1773,286.6193,311.7313,False,True,True,GOOD,-0.0000,-0.2462,0.0000,0.0912,0.3649
114,39.4226,3.2045,13.3919,204.4746,68.0804,5.8257,0.4655,60.3846,0.8058,0.5442,0.7114,0.0649,6.0041,279.3354,292.7273,False,True,True,GOOD,-0.0000,-0.2462,0.0000,0.0076,0.3719
115,39.7050,2.8442,30.7571,195.0371,73.1255,10.6929,0.5164,60.3216,0.9307,0.6050,0.6483,0.0790,6.1241,275.0139,305.7710,False,True,True,GOOD,-0.0000,-0.2462,27.6984,27.6073,0.3738
116,39.9828,2.6572,8.5253,198.5891,68.2309,6.0101,0.5226,60.3381,0.7610,0.5444,0.5393,0.0556,5.2284,272.6432,281.1684,False,True,True,GOOD,-0.0000,-0.2462,27.6984,27.4624,0.3746
117,40.2581,2.4384,17.6697,207.4421,68.1817,6.1086,0.5690,60.0245,0.7788,0.6464,0.5642,0.0689,6.3372,282.5942,300.2639,False,True,True,GOOD,-0.0000,-0.2462,2.2857,2.3788,0.3677
118,40.5437,2.7624,35.9625,194.4964,68.9132,6.1751,0.5115,60.3460,1.1595,0.6608,0.7763,0.0735,5.8796,270.1390,306.1015,False,True,True,GOOD,-0.0000,-0.2462,2.2857,2.1030,0.3674
119,40.8175,3.4567,8.3204,211.9688,67.9139,5.9527,0.5538,60.0900,0.7171,0.5431,0.6500,0.0611,6.0234,286.6173,294.9376,False,True,True,GOOD,-0.0000,-0.2462,0.0000,0.1030,0.3656
120,41.1076,3.2755,32.7109,209.3404,68.2810,5.9479,0.4613,60.4642,0.7970,0.5566,0.5425,0.0571,5.9716,284.1926,316.9035,False,True,True,GOOD,-0.0000,-0.2462,1.2857,1.2257,0.3603
121,41.3947,2.5855,21.1420,207.0157,71.3204,6.3543,0.5068,62.5651,1.0417,0.7912,0.7697,0.0815,6.1841,285.3715,306.5135,False,True,True,GOOD,-0.0000,-0.2462,1.2857,1.1165,0.3678
122,41.6831,2.8755,9.1756,199.7700,68.0682,5.9599,0.4516,60.3312,0.7130,0.5571,0.5397,0.0558,6.0044,274.4381,283.6137,False,True,True,GOOD,-0.0000,-0.2462,0.0000,0.0877,0.3606
123,41.9605,2.7673,19.4130,188.2537,68.4087,6.2794,0.4758,60.3274,0.7567,0.5148,0.5437,0.0576,5.4660,262.7297,282.1427,False,True,True,GOOD,-0.0000,-0.2462,0.0000,0.0108,0.3697
124,42.2264,2.8841,19.2273,212.1909,68.3714,6.2366,0.5098,59.9883,0.8743,0.7007,0.7001,0.0673,6.2135,287.5431,306.7704,False,True,True,GOOD,-0.0000,-0.2462,2.2857,2.2105,0.3623
125,42.5168,2.6357,9.6039,213.9364,68.2260,6.0338,0.4833,60.2228,0.7302,0.7030,0.6079,0.0613,5.5788,288.4105,298.0144,False,True,True,GOOD,-0.0000,-0.2462,2.2857,2.0947,0.3632
126,42.8094,4.0036,34.0696,198.7073,68.2917,5.9501,0.4620,60.2216,0.9268,0.6725,0.5756,0.0628,6.0233,273.6608,307.7303,False,True,True,GOOD,-0.0000,-0.2462,1.2857,1.3187,0.3553
127,43.0860,2.7717,11.8971,217.2747,68.0792,6.2200,0.5157,59.8780,0.7716,0.6388,0.7879,0.0717,5.7506,291.9641,303.8612,False,True,True,GOOD,-0.0000,-0.2462,1.2857,1.1231,0.3668
128,43.3810,2.7566,41.0738,200.6630,70.3428,5.9304,0.5249,62.2728,0.7739,0.7833,0.6685,0.0662,6.2466,277.9871,319.0609,False,True,True,GOOD,-0.0000,-0.2462,0.0000,0.0902,0.3600
129,43.6621,2.9877,22.1072,194.9371,67.7768,5.7299,0.4685,60.0544,0.9119,0.5574,0.5381,0.0548,5.5443,268.8510,290.9582,False,True,True,GOOD,-0.0000,-0.2462,0.0000,0.0110,0.3648
130,43.9360,4.8018,28.2931,195.7752,68.3707,6.0437,0.5183,60.1979,0.7637,0.7880,0.6240,0.0700,6.7333,271.5732,299.8663,False,True,True,GOOD,-0.0000,-0.2462,0.0000,0.0022,0.3696
131,44.2112,3.3102,36.7170,202.6398,68.3958,6.0814,0.4835,60.5322,0.7193,0.5217,0.5822,0.0592,5.4980,277.1749,313.8919,False,True,True,GOOD,-0.0000,-0.2462,0.0000,0.0006,0.3683
132,44.4912,2.5943,17.7530,201.7531,67.5679,5.7415,0.4788,59.9878,0.7457,0.5598,0.5366,0.0553,5.1398,275.0526,292.8057,False,True,True,GOOD,-0.0000,-0.2462,2.2857,2.2102,0.3747
133,44.7692,2.7090,29.2321,205.0564,68.3374,5.8982,0.4650,60.3273,0.9060,0.6790,0.6741,0.0672,5.7660,279.9011,309.1333,False,True,True,GOOD,-0.0000,-0.2462,0.0000,0.0702,0.3742
134,45.0519,2.6303,11.5214,189.7249,68.4477,6.1775,0.4519,60.2953,0.8372,0.6342,0.5382,0.0622,6.1461,264.9191,276.4405,False,True,True,GOOD,-0.0000,-0.2462,2.2857,2.1935,0.3516
135,45.3197,2.6620,12.7872,204.2984,67.9150,5.7676,0.4669,60.1464,0.7353,0.7420,0.6290,0.0632,5.6116,278.5172,291.3044,False,True,True,GOOD,-0.0000,-0.2462,0.0000,0.0795,0.3698
136,45.6013,2.8539,27.8988,198.4762,70.3811,6.5721,2.1691,60.1120,0.8755,0.5616,0.6071,0.0598,5.8980,275.4222,303.3210,False,True,True,GOOD,-0.0000,-0.2462,0.0000,0.0061,0.3665
137,45.8799,3.0254,40.3732,205.0243,68.0306,5.8710,0.4657,60.1955,0.7552,0.6873,0.5424,0.0657,5.7276,279.3906,319.7638,False,True,True,GOOD,-0.0000,-0.2462,0.0000,0.0009,0.3598
138,46.1623,2.8075,22.1247,197.8073,68.4893,5.8258,0.5547,60.5217,0.9463,0.5856,0.6124,0.0829,7.8588,274.8507,296.9754,False,True,True,GOOD,-0.0000,-0.2462,0.0000,0.0002,0.3596
139,46.4411,3.7687,33.4253,199.9664,68.2514,5.8517,0.4609,60.1443,0.9877,0.7434,0.7207,0.0705,5.7232,274.7322,308.1575,False,True,True,GOOD,-0.0000,-0.2462,0.0000,0.0001,0.3550
140,46.7197,3.5861,12.1113,205.3692,67.7340,5.7849,0.4643,60.0248,0.8491,0.5576,0.5303,0.0551,5.1531,278.8418,290.9530,False,True,True,GOOD,-0.0000,-0.2462,3.5714,3.4247,0.3572
141,47.0021,3.3633,29.0451,196.9655,71.7500,6.3934,0.6253,63.2480,0.7869,0.6363,0.5165,0.0608,5.2819,274.5747,303.6198,False,True,True,GOOD,-0.0000,-0.2462,3.5714,3.2079,0.3651
142,47.2796,2.7173,39.9398,207.1713,68.8167,5.8333,0.4602,60.9932,0.8059,0.6680,0.7640,0.0700,5.7055,282.5275,322.4673,False,True,True,GOOD,-0.0000,-0.2462,2.2857,2.1654,0.3646
143,47.5650,2.6914,25.2431,196.9845,68.1621,6.0538,0.4828,60.1996,0.7152,0.6528,0.6169,0.0612,5.5646,271.3893,296.6324,False,True,True,GOOD,-0.0000,-0.2462,0.0000,0.0981,0.3578
144,47.8396,2.9785,32.1521,191.3288,67.7993,6.0305,0.5275,59.9637,0.7124,0.5109,0.5783,0.0609,5.8329,265.6001,297.7523,False,True,True,GOOD,-0.0000,-0.2462,2.2857,2.1948,0.3553
145,48.1095,4.1174,35.2604,205.1888,68.1418,5.9295,0.4790,60.3985,0.7076,0.5754,0.5962,0.0584,5.3850,279.3701,314.6305,False,True,True,GOOD,-0.0000,-0.2462,0.0000,0.0785,0.3598
146,48.3918,2.7769,19.2214,200.9546,67.8576,5.7603,0.5104,60.0273,0.7942,0.7071,0.6699,0.0648,5.7484,275.2954,294.5167,False,True,True,GOOD,-0.0000,-0.2462,1.2857,1.2204,0.3619
147,48.6700,2.6370,31.0522,207.2765,68.4019,5.7492,0.4634,60.6718,0.8845,0.5774,0.5399,0.0553,5.1684,281.4421,312.4943,False,True,True,GOOD,-0.0000,-0.2462,1.2857,1.1127,0.3594
148,48.9544,2.7994,14.0794,205.1299,71.7697,5.9721,0.4936,61.5399,2.6911,1.0189,1.1032,0.0599,7.4325,285.4951,299.5745,False,True,True,GOOD,-0.0000,-0.2628,1.2857,1.3047,0.3523
149,49.2434,3.2768,37.2991,201.0118,68.5885,6.0890,0.4638,60.5839,0.8334,0.5636,0.5393,0.0558,5.2856,275.4810,312.7801,False,True,True,GOOD,-0.0000,-0.2475,2.5714,2.3094,0.3571
150,49.5220,2.9170,15.8644,213.3408,71.2463,6.1661,0.5107,60.1631,1.8835,2.4571,0.7997,0.0710,7.0992,292.5570,308.4215,False,True,True,GOOD,-0.0000,-0.2463,1.2857,1.1992,0.3581
151,49.8174,2.4244,10.8600,197.9945,71.0268,5.8229,0.4579,63.2215,0.9366,0.5301,0.6262,0.0588,5.4421,275.1483,286.0084,False,True,True,GOOD,-0.0000,-0.2462,0.0000,0.0957,0.3606
152,50.0957,2.8750,23.0456,199.4296,69.1728,6.0166,1.7591,59.9958,0.7422,0.6033,0.5318,0.0566,7.7339,276.9247,299.9703,False,True,True,GOOD,-0.0000,-0.2462,0.0000,0.0121,0.3622
153,50.3764,3.5839,36.0832,193.1518,69.8151,6.7471,0.5237,60.4435,1.2908,0.7462,0.7026,0.0585,5.7652,269.4932,305.5763,False,True,True,GOOD,-0.0000,-0.2462,0.0000,0.0026,0.3684
154,50.6490,2.8689,9.7186,207.0956,67.5798,5.7895,0.4609,59.9941,0.7207,0.5599,0.5843,0.0563,5.1058,280.4218,290.1404,False,True,True,GOOD,-0.0000,-0.2462,0.0000,0.0007,0.3621
155,50.9325,2.9269,25.5404,190.9083,67.9421,5.8146,0.4587,60.2022,0.7942,0.6155,0.6690,0.0611,5.4969,265.0774,290.6178,False,True,True,GOOD,-0.0000,-0.2462,1.2857,1.2149,0.3631
156,51.2015,3.7392,28.2266,201.4161,70.3227,7.7254,0.5159,60.0832,1.1546,0.7885,0.6839,0.0677,5.9750,278.4653,306.6919,False,True,True,GOOD,-0.0000,-0.2462,1.2857,1.1108,0.3617
157,51.4831,2.9005,10.2309,194.4195,68.2192,5.7220,0.4656,60.5369,0.8767,0.5627,0.5377,0.0553,5.7158,268.9474,279.1783,False,True,True,GOOD,-0.0000,-0.2462,0.0000,0.0903,0.3510
158,51.7551,2.8779,15.6923,214.7260,69.1664,6.3574,0.4903,60.1146,1.2804,0.8531,0.8958,0.0826,6.2509,291.1217,306.8140,False,True,True,GOOD,-0.0000,-0.2628,2.5714,2.4395,0.3566
159,52.0491,2.6357,10.4819,196.2981,68.7486,6.4565,0.4930,60.4442,0.7396,0.5632,0.5388,0.0560,5.2224,270.8638,281.3457,False,True,True,GOOD,-0.0000,-0.2475,2.5714,2.2266,0.3638
160,52.3228,2.6459,16.5609,200.6333,67.6335,5.8682,0.4783,59.9537,0.7303,0.5506,0.5378,0.0560,5.1012,273.9618,290.5227,False,True,True,GOOD,-0.0000,-0.2463,0.0000,0.1757,0.3635
161,52.6001,3.1698,27.6058,198.7122,69.5159,7.1616,0.4858,60.1340,0.9505,0.7148,0.6481,0.0642,6.0253,274.9657,302.5715,False,True,True,GOOD,-0.0000,-0.2462,0.0000,0.0228,0.3697
162,52.8783,3.0043,39.7652,206.0947,68.2584,5.9496,0.4644,60.0092,1.0360,0.7377,0.7679,0.0725,5.1270,280.3205,320.0858,False,True,True,GOOD,-0.0000,-0.2462,0.0000,0.0046,0.3613
163,53.1615,2.6284,22.5496,197.2978,68.0982,5.8546,0.5099,60.3858,0.7104,0.5791,0.5844,0.0547,5.5182,271.5533,294.1029,False,True,True,GOOD,-0.0000,-0.2628,1.2857,1.2142,0.3600
164,53.4360,2.7383,30.3847,182.0837,69.8542,5.9092,0.4620,61.9703,0.7656,0.6934,0.6294,0.0639,5.6010,258.2322,288.6169,False,True,True,GOOD,-0.0000,-0.2475,1.2857,1.1117,0.3607
165,53.6972,2.7460,25.5712,200.6155,70.0691,7.4173,0.6370,60.2552,0.9734,0.7185,0.5354,0.0656,5.9632,277.2489,302.8200,False,True,True,GOOD,-0.0000,-0.2463,0.0000,0.0886,0.3594
166,53.9780,3.3979,38.4886,190.6723,69.3694,6.5522,0.5787,60.4685,0.9998,0.7126,0.6711,0.0739,6.0000,266.7867,305.2753,False,True,True,GOOD,-0.0000,-0.2462,0.0000,0.0114,0.3525
167,54.2476,2.5988,8.8070,205.0420,67.8594,5.8093,0.4629,59.9789,0.9517,0.5954,0.5588,0.0596,5.1567,278.6766,287.4835,False,True,True,GOOD,-0.0000,-0.2462,0.0000,0.0022,0.3657
168,54.5292,2.6548,24.7964,189.6381,69.1732,6.9437,0.4462,60.2242,0.7658,0.7360,0.5407,0.0545,5.2602,264.6669,289.4632,False,True,True,GOOD,-0.0000,-0.2462,0.0000,0.0006,0.3572
169,54.7969,2.8181,25.3268,206.4031,68.3197,6.1287,0.4653,60.0066,0.9203,0.7318,0.6816,0.0593,5.7171,281.1810,306.5078,False,True,True,GOOD,-0.0000,-0.2462,0.0000,0.0002,0.3532
170,55.0809,2.6936,9.4214,196.5794,68.2821,5.7508,0.5050,60.6060,0.8077,0.5584,0.5375,0.0568,5.2695,270.7252,280.1466,False,True,True,GOOD,-0.0000,-0.2462,0.0000,0.0001,0.3583
171,55.3546,2.6939,15.9719,196.1311,68.5190,6.0121,0.4651,60.4099,0.8653,0.6985,0.7425,0.0508,5.0434,270.4867,286.4587,False,True,True,GOOD,-0.0000,-0.2462,1.2857,1.2145,0.3566
172,55.6280,2.6669,23.5275,196.5210,67.7066,5.7679,0.4639,59.9740,0.7367,0.7093,0.6289,0.0615,5.4757,270.3936,293.9211,False,True,True,GOOD,-0.0000,-0.2462,1.2857,1.1093,0.3587
173,55.9015,2.9566,29.5689,218.3877,67.9795,5.7904,0.4530,60.2680,0.7715,0.6399,0.5606,0.0574,6.0596,293.0448,322.6137,False,True,True,GOOD,-0.0000,-0.2628,2.5714,2.5194,0.3569
174,56.1975,2.7258,26.6753,205.9111,69.1032,6.7221,0.4612,59.9356,0.9912,0.9278,0.7413,0.0731,6.2057,282.0344,308.7097,False,True,True,GOOD,-0.0000,-0.2475,2.5714,2.2371,0.3543
175,56.4826,2.8165,10.3983,202.6004,67.7437,5.7589,0.4622,59.9848,0.8922,0.5874,0.5496,0.0572,5.0613,276.0121,286.4104,False,True,True,GOOD,-0.0000,-0.2463,0.0000,0.1770,0.3523
176,56.7616,2.8115,23.2750,197.3538,68.0986,5.9963,0.5393,60.2126,0.7569,0.5400,0.6186,0.1359,5.8322,272.0391,295.3141,False,True,True,GOOD,-0.0000,-0.2462,1.2857,1.2352,0.3588
177,57.0366,2.7059,31.8845,194.3341,70.6979,6.1439,0.5929,62.4024,0.8150,0.6291,0.6351,0.0637,7.8561,273.5869,305.4714,False,True,True,GOOD,-0.0000,-0.2462,1.2857,1.1151,0.3619
178,57.3131,2.7626,41.6497,195.8548,68.3695,5.7600,0.4690,60.5634,0.8527,0.5978,0.5440,0.0558,5.2278,270.0519,311.7016,False,True,True,GOOD,-0.0000,-0.2462,0.0000,0.0905,0.3606
179,57.5862,2.8154,14.4070,192.7422,68.0152,5.8673,0.5167,60.2101,0.7428,0.5580,0.5392,0.0552,5.2761,266.6279,281.0349,False,True,True,GOOD,-0.0000,-0.2462,0.0000,0.0115,0.3655
180,57.8556,2.5769,17.8956,197.1151,68.7459,6.7454,0.5046,60.1002,0.7275,0.5479,0.5721,0.0558,5.1757,271.6646,289.5602,False,True,True,GOOD,-0.0000,-0.2462,0.0000,0.0023,0.3604
181,58.1304,2.7354,26.3871,205.4085,70.7439,6.2519,0.4598,60.1225,2.3640,1.4805,0.5986,0.0635,6.0206,282.8351,309.2222,False,True,True,GOOD,-0.0000,-0.2628,1.2857,1.2151,0.3591
182,58.4161,2.6048,10.5220,199.9798,68.5743,6.3840,0.4529,60.1089,0.9718,0.5988,0.5905,0.0610,5.7912,274.9969,285.5189,False,True,True,GOOD,-0.0000,-0.2475,3.5714,3.3224,0.3575
183,58.6941,2.8706,23.1010,200.8972,76.4148,13.6673,0.5929,60.2672,1.0817,0.7450,1.0437,0.0611,5.6817,284.0984,307.1995,False,True,True,GOOD,-0.0000,-0.2463,2.2857,2.1857,0.3629
184,58.9813,2.8999,10.3418,193.5655,68.6153,5.9101,0.4508,60.6365,0.9556,0.6033,0.6658,0.0645,5.8339,268.7450,279.0868,False,True,True,GOOD,-0.0000,-0.2462,0.0000,0.1140,0.3616
185,59.2534,3.0693,14.0568,213.9461,68.0505,6.1564,0.5172,59.8605,0.8929,0.5652,0.7515,0.0669,6.3641,289.1791,303.2359,False,True,True,GOOD,-0.0000,-0.2462,0.0000,0.0112,0.3638
186,59.5457,2.8326,41.5355,214.2686,68.2934,5.9947,0.5330,60.3304,0.7971,0.5846,0.5459,0.0596,5.2741,288.4417,329.9772,False,True,True,GOOD,-0.0000,-0.2462,1.2857,1.2184,0.3648
187,59.8378,3.4938,32.1804,191.1747,68.2629,5.9706,0.5302,60.1145,0.8995,0.6883,0.7097,0.0688,6.5791,266.7953,298.9756,False,True,True,GOOD,-0.0000,-0.2462,1.2857,1.1167,0.3691
188,60.1075,2.7292,35.8836,199.6929,68.6785,5.9340,0.4616,60.5011,0.8969,0.8234,0.5284,0.0634,5.2370,274.2001,310.0837,False,True,True,GOOD,-0.0000,-0.2462,0.0000,0.0861,0.3606
189,60.3854,3.4917,13.0618,210.1748,68.3325,6.0070,0.5195,59.9794,0.8235,0.9406,0.8280,0.0713,6.4518,285.8586,298.9204,False,True,True,GOOD,-0.0000,-0.2462,0.0000,0.0111,0.3631
190,60.6748,3.2360,36.9259,200.1925,69.1008,6.1529,0.4592,60.7316,0.9516,0.7471,0.5637,0.0556,5.4333,275.3460,312.2719,False,True,True,GOOD,-0.0000,-0.2462,0.0000,0.0022,0.3673
191,60.9534,3.1137,13.6992,202.4430,69.5002,5.7459,0.4648,61.1491,1.5201,0.5656,0.5478,0.0557,6.9254,279.4721,293.1714,False,True,True,GOOD,-0.0000,-0.2462,0.0000,0.0006,0.3624
192,61.2364,2.9742,32.3934,200.2913,68.4333,5.9221,0.4584,60.0720,1.2223,0.6952,0.6352,0.0677,5.9644,275.3919,307.7853,False,True,True,GOOD,-0.0000,-0.2462,0.0000,0.0002,0.3604
193,61.5149,2.8555,10.5498,199.8215,68.2459,6.0065,0.4642,60.1584,0.8557,0.7016,0.6674,0.0574,5.6774,274.4697,285.0195,False,True,True,GOOD,-0.0000,-0.2628,1.2857,1.2150,0.3475
194,61.7921,2.6047,21.9682,204.4764,69.2510,5.9935,0.5055,60.5680,1.1923,0.9178,1.3228,0.0759,5.8636,280.9898,302.9580,False,True,True,GOOD,-0.0000,-0.2475,1.2857,1.1111,0.3734
195,62.0764,3.0122,39.1938,197.0055,67.9373,5.7640,0.4622,60.2003,0.8597,0.5914,0.5826,0.0621,5.7058,271.2934,310.4872,False,True,True,GOOD,-0.0000,-0.2463,0.0000,0.0898,0.3590
196,62.3507,2.8131,13.0852,201.5011,67.9763,5.7791,0.4639,60.1728,0.8142,0.6902,0.6604,0.0640,5.2796,275.4814,288.5666,False,True,True,GOOD,-0.0000,-0.2627,1.2857,1.1934,0.3507
197,62.6289,2.4725,25.6847,200.1061,71.0375,5.9938,0.5245,62.7379,0.8749,0.8461,0.6896,0.0707,6.3590,278.2629,303.9476,False,True,True,GOOD,-0.0000,-0.2474,3.5714,3.3187,0.3634
198,62.9109,3.5382,38.7623,195.6342,69.0183,6.0854,0.4747,60.6994,0.8825,0.8137,0.7093,0.0539,5.1915,270.6072,309.3695,False,True,True,GOOD,-0.0000,-0.2463,3.5714,3.3967,0.3647
199,63.1847,3.0555,14.0646,208.3298,69.5552,6.8675,0.8728,60.4699,0.7424,0.5472,0.5953,0.0548,5.8894,284.4245,298.4891,False,True,True,GOOD,-0.0000,-0.2627,2.5714,2.4079,0.3538
200,63.4728,3.3814,35.1045,192.3802,69.3391,6.0819,0.5506,60.3396,1.6211,0.6851,0.6329,0.0610,6.2221,268.6353,303.7398,False,True,True,GOOD,-0.0000,-0.2637,3.5714,3.3578,0.3582
201,63.7448,3.1450,40.8197,202.7956,68.5946,6.4623,0.4676,60.3071,0.7210,0.5827,0.5599,0.0593,5.6891,277.6983,318.5180,False,True,True,GOOD,-0.0000,-0.2638,2.2857,2.1761,0.3555
202,64.0252,2.4904,21.9362,199.3346,70.7926,8.6390,0.4865,60.3306,0.7320,0.5563,0.6170,0.0523,7.8535,278.6499,300.5861,False,True,True,GOOD,-0.0000,-0.2638,2.5714,2.5112,0.3531
203,64.3070,2.9884,36.6843,200.9475,68.1302,5.7532,0.4631,60.3099,0.8823,0.6639,0.5467,0.0584,5.2330,274.9159,311.6001,False,True,True,GOOD,-0.0000,-0.2638,1.2857,1.1902,0.3568
204,64.5849,2.7576,14.1429,203.6696,68.0134,5.8175,0.4622,60.2828,0.8189,0.5775,0.5509,0.0582,5.2853,277.5773,291.7202,False,True,True,GOOD,-0.0000,-0.2471,1.2857,1.3116,0.3667
205,64.8657,2.9307,29.3923,193.9904,69.8888,7.6802,0.5685,60.0569,0.8103,0.7264,0.6399,0.0666,5.9486,270.5343,299.9267,False,True,True,GOOD,-0.0000,-0.2463,1.2857,1.2851,0.3673
206,65.1400,3.5422,35.8025,195.4863,70.3376,5.9876,0.4626,60.1793,2.7648,0.8802,0.6221,0.0637,5.9900,272.4997,308.3021,False,True,True,GOOD,-0.0000,-0.2462,1.2857,1.1189,0.3644
207,65.4153,2.5818,11.7735,212.5769,70.4547,6.1586,0.5862,61.9301,1.0630,0.6579,0.6190,0.0657,6.0927,289.8090,301.5825,False,True,True,GOOD,-0.0000,-0.2462,0.0000,0.0895,0.3735
208,65.7086,3.3360,37.8377,199.6048,68.3331,5.7607,0.4578,60.5817,0.9652,0.5111,0.5314,0.0555,5.6972,274.2219,312.0596,False,True,True,GOOD,-0.0000,-0.2628,1.2857,1.2259,0.3562
209,65.9861,2.9809,16.0316,202.2305,67.3995,5.7660,0.4615,59.8949,0.6808,0.5501,0.5970,0.0557,5.4082,275.6909,291.7225,False,True,True,GOOD,-0.0000,-0.2637,0.0000,0.0648,0.3542
210,66.2652,3.2268,27.5226,199.5832,70.3754,6.0141,0.5151,62.2324,0.8904,0.6646,0.7130,0.0726,6.4097,277.1538,304.6764,False,True,True,GOOD,-0.0000,-0.2472,1.2857,1.1977,0.3616
211,66.5453,2.4396,9.0366,196.6707,68.2545,5.7227,0.5039,60.5606,0.8441,0.5665,0.5467,0.0560,5.5791,271.1069,280.1435,False,True,True,GOOD,-0.0000,-0.2463,0.0000,0.0713,0.3633
212,66.8190,2.4491,15.6426,211.8287,68.2819,6.0721,0.5080,60.0486,0.9299,0.6615,0.7440,0.0551,6.0402,286.9499,302.5925,False,True,True,GOOD,-0.0000,-0.2462,1.2857,1.2218,0.3607
213,67.1092,3.0093,39.4765,193.0492,71.5421,7.9084,0.4589,61.3180,1.1702,0.6254,0.6008,0.0647,5.9635,271.2204,310.6969,False,True,True,GOOD,-0.0000,-0.2462,3.5714,3.3245,0.3606
214,67.3835,2.8748,13.3797,203.8029,67.8800,5.8357,0.4600,60.2410,0.7175,0.5717,0.5882,0.0589,5.5931,277.9231,291.3028,False,True,True,GOOD,-0.0000,-0.2462,2.2857,2.1856,0.3555
215,67.6647,3.0581,28.1474,201.2198,70.3732,6.1137,0.5169,60.1668,2.8797,0.6352,0.5911,0.0638,6.1729,278.4207,306.5681,False,True,True,GOOD,-0.0000,-0.2462,0.0000,0.1141,0.3691
216,67.9465,3.1685,43.4561,195.9212,68.7987,5.8587,1.0946,60.5689,0.7189,0.5059,0.5282,0.1013,5.2104,270.5598,314.0159,False,True,True,GOOD,-0.0000,-0.2628,1.2857,1.2264,0.3533
217,68.2207,3.4380,17.3210,200.3935,67.4886,5.7597,0.4792,59.9292,0.7313,0.5343,0.5881,0.0596,5.3923,273.9222,291.2432,False,True,True,GOOD,-0.0000,-0.2475,1.2857,1.1133,0.3550
218,68.4981,3.3278,28.4339,196.5989,68.4021,6.0278,0.5218,60.1660,0.8510,0.7739,0.8181,0.0588,6.3540,272.2319,300.6658,False,True,True,GOOD,-0.0000,-0.2463,2.2857,2.2982,0.3576
219,68.7738,3.1829,36.7351,202.5719,68.4223,5.9773,0.4828,60.4737,0.8321,0.5991,0.5913,0.0591,5.7967,277.4413,314.1764,False,True,True,GOOD,-0.0000,-0.2462,0.0000,0.0823,0.3556
220,69.0540,2.6326,18.5269,206.7732,70.7679,5.9385,0.5273,62.6675,0.9841,0.5999,0.6981,0.0605,5.6147,283.9144,302.4412,False,True,True,GOOD,-0.0000,-0.2462,2.2857,2.1953,0.3611
221,69.3416,3.4640,38.4782,197.1939,68.3240,5.9115,0.4613,60.4204,0.8711,0.5975,0.6547,0.0711,5.7360,271.9798,310.4580,False,True,True,GOOD,-0.0000,-0.2462,0.0000,0.0806,0.3581
222,69.6167,2.8907,13.6260,199.8289,67.8493,5.9194,0.4673,59.9810,0.8639,0.5645,0.5337,0.0561,5.1759,273.4439,287.0699,False,True,True,GOOD,-0.0000,-0.2628,1.2857,1.2198,0.3533
223,69.8930,2.6985,24.3481,216.2016,68.2510,5.9174,0.5109,60.3925,0.7109,0.6617,0.6778,0.0662,5.5929,290.7895,315.1376,False,True,True,GOOD,-0.0000,-0.2475,1.2857,1.1109,0.3658
224,70.1867,2.6915,18.0103,208.5538,68.3330,6.0347,0.4955,60.1402,0.9608,0.6418,0.6698,0.0622,5.8325,283.4513,301.4616,False,True,True,GOOD,-0.0000,-0.2626,1.2857,1.0971,0.3530
225,70.4742,3.7564,36.9631,186.9734,71.3316,5.9660,0.5195,60.1807,3.7686,0.8346,0.6238,0.0607,5.5441,264.5336,301.4967,False,True,True,GOOD,-0.0000,-0.2473,1.2857,1.1122,0.3603
226,70.7420,3.0526,39.1106,199.3936,68.2237,5.7723,0.4607,60.6457,0.7292,0.5589,0.5378,0.0567,5.1844,273.3961,312.5067,False,True,True,GOOD,-0.0000,-0.2625,4.8571,4.5279,0.3456
227,71.0182,2.6599,15.4612,207.0562,71.5218,7.6830,0.4889,61.6862,1.0065,0.6078,0.6314,0.0641,7.5958,286.8693,302.3305,False,True,True,GOOD,-0.0000,-0.2473,4.8571,4.3039,0.3511
228,71.3087,3.4214,38.8819,193.7510,68.2749,5.9985,0.4597,60.0994,0.9835,0.6747,0.6442,0.0653,5.2789,268.0143,306.8962,False,True,True,GOOD,-0.0000,-0.2463,0.0000,0.2757,0.3517
229,71.5795,2.6183,10.8102,200.0645,68.0761,5.9317,0.4632,60.3379,0.7218,0.5657,0.6585,0.0651,5.6867,274.5507,285.3609,False,True,True,GOOD,-0.0000,-0.2462,0.0000,0.0294,0.3572
230,71.8569,2.6498,21.8788,202.4901,68.0403,6.2929,0.4740,59.9458,0.7317,0.5493,0.6992,0.0671,6.0952,277.3918,299.2706,False,True,True,GOOD,-0.0000,-0.2462,1.2857,1.2205,0.3599
231,72.1386,4.0376,35.0696,203.2176,69.1691,6.4178,0.5179,60.6876,0.8277,0.6619,0.6265,0.0608,5.8185,278.8926,313.9621,False,True,True,GOOD,-0.0000,-0.2628,2.5714,2.3260,0.3651
232,72.4203,2.6463,18.3983,205.9848,68.0881,5.9588,0.5138,60.0987,0.7559,0.7037,0.7221,0.0692,6.4904,281.3546,299.7529,False,True,True,GOOD,-0.0000,-0.2475,1.2857,1.2017,0.3721
233,72.7054,3.4481,35.9350,192.5037,70.8342,8.3415,0.5471,60.2046,1.0438,0.6336,0.6142,0.0634,5.7262,269.7417,305.6767,False,True,True,GOOD,-0.0000,-0.2626,1.2857,1.1092,0.3611
