t_s,phase,rss_mb,ram_used_mb,swap_used_mb,temp_max_c,gpu_util_pct,power_mw
0.0952,startup,473.7930,1883.2109,174.7812,42.0000,15.0000,
3.1298,startup,707.8672,2149.7812,174.7812,42.0000,14.0000,
4.1308,startup,920.6055,2338.4727,174.7812,41.5000,31.0000,
5.1320,startup,1109.3984,2508.3711,174.7812,41.5000,28.0000,
6.1330,startup,1115.3438,2651.2422,174.7812,42.0000,0.0000,
7.1340,startup,1338.6328,2834.4648,174.7812,42.0000,3.0000,
8.1373,warmup,1478.0430,2957.1914,174.7812,43.5000,10.0000,
9.1385,warmup,1478.3125,2957.2812,174.7812,45.5000,97.0000,
10.1403,warmup,1478.5703,2959.5234,174.7812,43.5000,0.0000,
11.1457,warmup,1478.5820,2959.6875,174.7812,43.0000,0.0000,
12.1468,warmup,1478.5938,2959.5703,174.7812,44.0000,0.0000,
13.1478,steady,1478.6094,2959.7383,174.7812,44.5000,0.0000,
14.1489,steady,1478.6211,2959.7344,174.7812,47.0000,95.0000,
15.1500,steady,1478.6289,2959.8125,174.7812,46.0000,58.0000,
16.1512,steady,1478.6328,2959.8359,174.7812,45.0000,0.0000,
17.1522,steady,1478.6406,2960.0742,174.7812,43.5000,0.0000,
18.1558,steady,1478.6445,2960.1172,174.7812,43.0000,0.0000,
19.1568,steady,1478.6523,2960.0117,174.7812,44.0000,0.0000,
20.1579,steady,1478.6602,2959.9961,174.7812,44.0000,0.0000,
21.1591,steady,1478.6680,2960.0820,174.7812,46.5000,99.0000,
22.1601,steady,1478.7344,2959.9336,174.7812,47.0000,98.0000,
23.1612,steady,1478.7344,2959.9180,174.7812,46.5000,99.0000,
24.1630,steady,1478.7383,2959.9492,174.7812,45.0000,0.0000,
25.1641,steady,1478.7500,2959.9648,174.7812,44.0000,0.0000,
26.1652,steady,1478.7539,2960.1172,174.7812,44.5000,0.0000,
27.1664,steady,1478.7578,2959.9961,174.7812,44.5000,0.0000,
28.1707,steady,1478.7617,2960.2344,174.7812,45.5000,0.0000,
29.1733,steady,1478.7656,2960.0508,174.7812,46.5000,94.0000,
30.1789,steady,1478.7734,2960.0586,174.7812,44.0000,0.0000,
31.1799,steady,1478.7773,2960.0586,174.7812,46.0000,74.0000,
32.1812,steady,1478.7812,2960.0859,174.7812,44.5000,0.0000,
33.1824,steady,1478.7891,2960.3281,174.7812,44.5000,0.0000,
34.1834,steady,1478.7969,2960.2812,174.7812,44.0000,0.0000,
35.1846,steady,1478.7969,2960.2734,174.7812,47.0000,99.0000,
36.1858,steady,1478.8008,2960.3516,174.7812,45.5000,33.0000,
37.1869,steady,1478.8086,2960.2344,174.7812,45.0000,0.0000,
38.1887,steady,1478.8125,2960.2383,174.7812,44.5000,0.0000,
39.1898,steady,1478.8164,2960.1758,174.7812,44.5000,0.0000,
40.1910,steady,1478.8203,2960.1914,174.7812,44.5000,0.0000,
41.1923,steady,1478.8281,2960.3281,174.7812,44.5000,0.0000,
42.1933,steady,1478.8359,2960.3867,174.7812,44.0000,0.0000,
43.1945,steady,1478.8398,2960.2812,174.7812,46.5000,84.0000,
44.1956,steady,1478.8438,2960.4297,174.7812,47.0000,99.0000,
45.1969,steady,1478.8477,2960.3516,174.7812,48.0000,99.0000,
46.1981,steady,1478.8555,2960.3203,174.7812,45.0000,0.0000,
47.1993,steady,1478.8594,2960.2109,174.7812,45.0000,0.0000,
48.2004,steady,1478.8672,2960.2734,174.7812,45.0000,0.0000,
49.2018,steady,1478.8750,2960.2891,174.7812,46.0000,65.0000,
50.2058,steady,1478.8750,2960.2500,174.7812,44.5000,0.0000,
51.2068,steady,1478.8828,2960.3555,174.7812,45.0000,0.0000,
52.2079,steady,1478.8867,2960.4648,174.7812,47.0000,99.0000,
53.2095,steady,1478.8906,2960.5703,174.7812,44.5000,0.0000,
54.2106,steady,1478.9023,2960.4492,174.7812,45.0000,0.0000,
55.2116,steady,1478.9062,2960.4492,174.7773,44.5000,0.0000,
56.2128,steady,1478.9102,2960.3398,174.7773,47.0000,99.0000,
57.2150,steady,1478.9102,2960.3281,174.7773,45.0000,0.0000,
58.2162,done,1479.0469,2956.5117,174.7773,46.5000,99.0000,
58.3296,done,1478.0117,2757.2539,174.7773,46.5000,99.0000,
